id,trigger,conditions,script,text,options,notes
aoe_scavengeOpen,OpenInteractionDialog,$aoeScavenge score:1000,AoEScavenge begin,,,
aoe_scavengeOpenedFields,AoEScavengeOpened,$customType == debris_field_shared,"ShowDefaultVisual
AoEScavenge descAll
FireBest SalvageCheckHostile",Your $shipOrFleet assumes a stable orbit relative to the surrounding debris.,,
aoe_scavengeOpenedDerelicts,AoEScavengeOpened,,"ShowDefaultVisual
AoEScavenge descAll
FireBest SalvageCheckHostile",Your $shipOrFleet moves in among a loose cluster of drifting derelicts.,,
aoe_scavengeExploreSelected,DialogOptionSelected,"$option == salExplore
$aoeScavenge score:1000",AoEScavenge explore,,,
aoe_scavengeRecoverSelected,DialogOptionSelected,"$option == aoeRecover
$aoeScavenge score:1000",AoEScavenge recover,,,
aoe_scavengeRecoverSkipped,DialogOptionSelected,"$option == aoeRecoverSkip
$aoeScavenge score:1000",AoEScavenge next,,,
aoe_scavengeSpecialDeferred,SalvageSpecialFinishedNoContinue,"$aoeScavenge score:1000
$salvageSpecialData != null",AoEScavenge defer,,,
aoe_scavengeBeginSalvage,BeginSalvage,$aoeScavenge score:1000,"AoEScavenge salvage
AoEScavenge next",,,
